barcode_num,"barcode"
1,"AAACAC"
2,"AAACGA"
3,"AAAGTC"
4,"AACGGT"
5,"AACTTC"
6,"TGCTCA"
7,"AAGAAC"
8,"AATGTG"
9,"ACATGT"
10,"ACCAAA"
11,"ACGATA"
12,"ACGTTT"
13,"ACTAGG"
14,"ACTCCA"
15,"AGACTC"
16,"AGCATT"
17,"AGGAGA"
18,"AGTAAG"
19,"AGTCCT"
20,"AGTTAC"
21,"ATAACC"
22,"ATCGCA"
23,"ATCTCG"
24,"ATGGAG"
25,"ATGTCC"
26,"CAATTG"
27,"CAGAGT"
28,"CATCAG"
29,"CATCTC"
30,"CCACTT"
31,"CCCATA"
32,"CCTGAA"
33,"CGAAAC"
34,"CGAATG"
35,"GACGTT"
36,"GATACA"
37,"GCAGAA"
38,"GGGATA"
39,"GGTGAA"
40,"GTAGCT"
41,"GTCTAT"
42,"GTTCAG"
43,"TAAGAC"
44,"TACCAG"
45,"TCAATC"
46,"TCCAAA"
47,"TCTGCT"
48,"TCTTAG"
49,"ACACAT"
50,"ATGTGT"
51,"AGTACT"
52,"GATATC"
53,"TCAACT"
54,"CAACTA"
55,"CTAATC"
56,"TACCAT"
57,"ATCCTA"
58,"AACGTT"
59,"TAGTTG"
60,"CATTAC"
61,"ACTTCA"
62,"TGTTGT"
63,"TTGGTT"
64,"CCTAAA"
65,"AGAGAG"
66,"GCATGT"
67,"TGCTAC"
68,"GTCTCA"
69,"GACACT"
70,"CACTGT"
71,"AGCATC"
72,"GTGCAT"
73,"CTGACT"
74,"TCGATC"
75,"CGTCAT"
76,"TATCGC"
77,"GCTCTA"
78,"TTAGCC"
79,"GAAGGA"
80,"CGATTG"
81,"CCAGTT"
82,"ACCTTG"
83,"AAGAGG"
84,"TGGCTA"
85,"CTTGAG"
86,"AATGCC"
87,"ATTCCG"
88,"TCTGGA"
89,"GGTGTT"
90,"GTACGC"
91,"GCGTAC"
92,"TGACCG"
93,"TCCGAG"
94,"CTCGGA"
95,"GAGGAG"
96,"CGGTCA"
